{"0": {"K": {"a": 0.0, "b": 3.1381059609000004}, "I": {"a": 0.0, "b": 2.82429536481}, "D": NaN}, "1": {"K": {"a": 1.0, "b": 3.1381059609000004}, "I": {"a": 0.0, "b": 5.3144100000000005}, "D": {"a": 1.0, "b": 3.1381059609000004}}, "2": {"K": {"a": 1.0, "b": 7.29}, "I": {"a": 0.0, "b": 4.7829690000000005}, "D": {"a": 0.0, "b": 5.9049000000000005}}, "3": {"K": {"a": 1.0, "b": 5.3144100000000005}, "I": {"a": 1.0, "b": 7.29}, "D": {"a": 1.0, "b": 5.3144100000000005}}, "4": {"K": {"a": 1.0, "b": 8.1}, "I": {"a": 0.0, "b": 8.1}, "D": {"a": 0.0, "b": 8.1}}, "5": {"K": {"a": 0, "b": 10}, "I": {"a": 0.0, "b": 9.0}, "D": {"a": 1.0, "b": 9.0}}, "6": {"K": {"a": 1.0, "b": 8.1}, "I": {"a": 0, "b": 10}, "D": {"a": 1.0, "b": 9.0}}, "7": {"K": {"a": 0, "b": 10}, "I": {"a": 0, "b": 10}, "D": {"a": 0, "b": 10}}, "8": {"K": {"a": 0, "b": 10}, "I": NaN, "D": {"a": 0, "b": 10}}}