{"0": {"K": {"a": 1.0, "b": 4.7829690000000005}, "I": {"a": 0.0, "b": 4.7829690000000005}, "D": NaN}, "1": {"K": {"a": 0.0, "b": 6.561}, "I": {"a": 0.0, "b": 9.0}, "D": {"a": 1.0, "b": 5.3144100000000005}}, "2": {"K": {"a": 0.0, "b": 8.1}, "I": {"a": 0.0, "b": 7.29}, "D": {"a": 1.0, "b": 9.0}}, "3": {"K": {"a": 1.0, "b": 7.29}, "I": {"a": 0.0, "b": 6.561}, "D": {"a": 1.0, "b": 7.29}}, "4": {"K": {"a": 1.0, "b": 7.29}, "I": {"a": 1.0, "b": 6.561}, "D": {"a": 1.0, "b": 6.561}}, "5": {"K": {"a": 1.0, "b": 7.29}, "I": {"a": 0.0, "b": 4.7829690000000005}, "D": {"a": 0.0, "b": 6.561}}, "6": {"K": {"a": 0.0, "b": 4.3046721}, "I": {"a": 0.0, "b": 7.29}, "D": {"a": 1.0, "b": 4.7829690000000005}}, "7": {"K": {"a": 1.0, "b": 9.0}, "I": {"a": 1.0, "b": 9.0}, "D": {"a": 1.0, "b": 7.29}}, "8": {"K": {"a": 0.0, "b": 9.0}, "I": NaN, "D": {"a": 0.0, "b": 9.0}}}