{"0": {"K": {"a": 1.0, "b": 5.3144100000000005}, "I": {"a": 1.0, "b": 4.3046721}, "D": NaN}, "1": {"K": {"a": 0.0, "b": 2.2876792454961}, "I": {"a": 0.0, "b": 4.3046721}, "D": {"a": 0.0, "b": 4.7829690000000005}}, "2": {"K": {"a": 0.0, "b": 4.3046721}, "I": {"a": 1.0, "b": 4.7829690000000005}, "D": {"a": 0.0, "b": 4.7829690000000005}}, "3": {"K": {"a": 0.0, "b": 7.29}, "I": {"a": 1.0, "b": 6.561}, "D": {"a": 0.0, "b": 5.3144100000000005}}, "4": {"K": {"a": 0.0, "b": 8.1}, "I": {"a": 1.0, "b": 9.0}, "D": {"a": 1.0, "b": 7.29}}, "5": {"K": {"a": 0.0, "b": 9.0}, "I": {"a": 1.0, "b": 9.0}, "D": {"a": 0, "b": 10}}, "6": {"K": {"a": 0, "b": 10}, "I": {"a": 1.0, "b": 9.0}, "D": {"a": 0, "b": 10}}, "7": {"K": {"a": 1.0, "b": 9.0}, "I": {"a": 0.0, "b": 9.0}, "D": {"a": 0, "b": 10}}, "8": {"K": {"a": 1.0, "b": 9.0}, "I": NaN, "D": {"a": 1.0, "b": 9.0}}}